[
    {"tot":1,
     "colors":["#256676"]},
    {"tot":2,
     "colors":["#35618f", "#5cf070"]},
    {"tot":3,
     "colors":["#0cc0aa", "#8e0049", "#b8e450"]},
    {"tot":4,
     "colors":["#256676", "#fe2b27", "#75eab6", "#82252a"]},
    {"tot":5,
     "colors":["#69ef7b", "#9a2445", "#3eeaef", "#fb5471", "#298837"]},
    {"tot":6,
     "colors":["#69ef7b", "#fa63d5", "#277a35", "#88075f", "#b1d34f", "#7a2edc"]},
    {"tot":7,
     "colors":["#52ef99", "#90286b", "#a7e831", "#4220f0", "#809b31", "#e05ccf", "#34f50e"]},
    {"tot":8,
     "colors":["#256676", "#9ae871", "#c80396", "#19a71f", "#dc8bfe", "#34f50e", "#6f267e", "#cdd9b8"]},
    {"tot":9,
     "colors":["#52ef99", "#ea2db9", "#0ca82e", "#a958ab", "#2cf52b", "#bc1cfa", "#a9e81a", "#684cf3", "#a8c280"]},
    {"tot":10,
     "colors":["#40655e", "#e41a72", "#9bea30", "#dc58ea", "#19a71f", "#862593", "#09f54c", "#9c4050", "#36edd3", "#f34207"]},
    {"tot":11,
     "colors":["#56ebd3", "#8f0f12", "#90ea66", "#fd3fbe", "#09f54c", "#872b83", "#399643", "#f89ade", "#0b5313", "#c218f1", "#dac925"]},
    {"tot":12,
     "colors":["#4f8c9d", "#9f2108", "#96e79a", "#bb4ca2", "#1be46d", "#fb0998", "#378811", "#ae56ff", "#bce333", "#1932bf", "#fea53b", "#424175"]},
    {"tot":13,
     "colors":["#21f0b6", "#841e41", "#5be13e", "#bf40bc", "#c0e087", "#6847fc", "#518413", "#fe16f4", "#f2c029", "#1f3ca6", "#fb9046", "#104b6d", "#f9b2d1"]},
    {"tot":14,
     "colors":["#8de4d3", "#a20655", "#49d261", "#ec4dd8", "#9cc662", "#702cb4", "#658114", "#ab76f2", "#de8a2c", "#1e438d", "#f8a0b1", "#2b6955", "#fd2c3b", "#54b2fc"]},
    {"tot":15,
     "colors":["#0cc0aa", "#a31526", "#17f46f", "#d547ca", "#458612", "#710c9e", "#89ca57", "#c697f4", "#8b500e", "#68affc", "#f76015", "#5d3676", "#faa566", "#214a65", "#fa718e"]},
    {"tot":16,
     "colors":["#01c472", "#e21c7a", "#b1d34f", "#4e3b7e", "#9ecbf4", "#154e56", "#23dbe1", "#8c0da4", "#61f22d", "#7a2c39", "#f9905b", "#2d7a2c", "#dd8eeb", "#2282f5", "#fcd107", "#d02023"]},
    {"tot":17,
     "colors":["#96e97c", "#bc337d", "#19a71f", "#de19f7", "#2cf52b", "#b859e4", "#708e30", "#0b29d0", "#fad139", "#3c3f85", "#36edd3", "#e6262f", "#016876", "#f2b9b5", "#0b5313", "#fb85b6", "#08a9e5"]},
    {"tot":18,
     "colors":["#41bbc5", "#0b522e", "#94d86f", "#8e0049", "#51f310", "#8115b4", "#699023", "#bd6cf3", "#26496d", "#eec8f1", "#3447b4", "#0df38f", "#f82f65", "#e7d57e", "#744822", "#fb8c77", "#a93705", "#3a91fb"]},
    {"tot":19,
     "colors":["#40655e", "#e8a8b0", "#3dd188", "#b53c7d", "#65f112", "#a841f0", "#4f8522", "#c697f4", "#afe642", "#7655c7", "#e2c627", "#653857", "#9fd3aa", "#a41415", "#40b8e1", "#ff0087", "#df8a1d", "#81411a", "#fa5a45"]},
    {"tot":20,
     "colors":["#a0e3b7", "#ae2a51", "#72df19", "#6a10a6", "#5e9222", "#9f66ed", "#c0e15c", "#f642d0", "#34f199", "#6a3747", "#4bd6fd", "#f34207", "#0e503e", "#e793ac", "#399283", "#ea985a", "#18519b", "#a0581c", "#658bfb", "#d0c3c6"]},
    {"tot":21,
     "colors":["#069668", "#de0ca3", "#88e99a", "#782d40", "#76f014", "#7f2d93", "#77d1fd", "#214a65", "#e9c9fa", "#0166d8", "#bce333", "#bf012a", "#3aa609", "#ba71ea", "#c6dbae", "#02531d", "#fe7446", "#658b83", "#fcb790", "#52461f", "#fabd2a"]},
    {"tot":22,
     "colors":["#069668", "#e93f8f", "#71dd82", "#8c0250", "#09f54c", "#b503d1", "#b3e61c", "#083bdf", "#b9cf84", "#563c66", "#fca552", "#0e503e", "#f7b5be", "#23dbe1", "#7f2b04", "#c697f4", "#798a58", "#54b2fc", "#e23209", "#0166d8", "#f3d426", "#c5667d"]},
    {"tot":23,
     "colors" :["#208eb7", "#8fba06", "#961d6b", "#63e118", "#ef6ade", "#207a3f", "#fe16f4", "#83c989", "#af3014", "#20d8fd", "#6a3747", "#1cf1a3", "#1932bf", "#efd453", "#5310f0", "#fca552", "#274c56", "#ddc0bd", "#2d68c7", "#9a5c0d", "#c098fd", "#474a09", "#fb899b"]}
]
