[{"buttxt": "Groupes prem. an.", "row": 0, "promo": "INFO1", "name": "CE", "children": [{"name": "1", "children": [{"name": "1A", "parent": "1"}, {"name": "1B", "parent": "1"}], "parent": "CE"}, {"name": "2", "children": [{"name": "2A", "parent": "2"}, {"name": "2B", "parent": "2"}], "parent": "CE"}, {"name": "3", "children": [{"name": "3A", "parent": "3"}, {"name": "3B", "parent": "3"}], "parent": "CE"}, {"name": "4", "children": [{"name": "4A", "parent": "4"}, {"name": "4B", "parent": "4"}], "parent": "CE"}], "parent": "null", "promotxt": "1A"}, {"buttxt": "Groupes deux. an.", "row": 1, "promo": "INFO2", "name": "CE", "children": [{"name": "1", "children": [{"name": "1A", "parent": "1"}, {"name": "1B", "parent": "1"}], "parent": "CE"}, {"buttxt": "2&3&4", "name": "234", "children": [{"name": "2", "children": [{"name": "2A", "parent": "2"}, {"name": "2B", "parent": "2"}], "parent": "234"}, {"name": "3", "children": [{"name": "3A", "parent": "3"}, {"name": "3B", "parent": "3"}], "parent": "234"}, {"name": "4", "parent": "234"}], "parent": "CE"}], "parent": "null", "promotxt": "2A"}, {"promo": "APSIO", "row": 1, "parent": "null", "promotxt": "LP", "name": "LP"}]